{
  "f1_macro": 0.8211127983397658,
  "f1_micro": 0.8126497364638237,
  "exact_match": 0.75006689858175,
  "hamming_accuracy": 0.9651235393809652,
  "class_f1_scores": {
    "여성/가족": 0.8369704749679076,
    "남성": 0.881559220389805,
    "성소수자": 0.8834782608695653,
    "인종/국적": 0.8545034642032333,
    "연령": 0.8758169934640523,
    "지역": 0.9196261682242991,
    "종교": 0.9019607843137255,
    "기타 혐오": 0.5423728813559322,
    "악플/욕설": 0.6937269372693727
  },
  "optimal_thresholds": [
    0.59,
    0.51,
    0.36,
    0.34,
    0.34,
    0.56,
    0.36,
    0.3,
    0.33
  ],
  "models": [
    "kcelectra",
    "soongsil",
    "roberta_base"
  ],
  "ensemble_method": "simple_average"
}